title,mean_score
Baldur's Gate 3,95.11111111111111
The Witcher 3,91.72222222222223
The Witcher 3,91.72222222222223
Baldur's Gate 3,95.11111111111111
Elden Ring,97.11111111111111
